Feature,RandomForest (Gini),GradientBoosting (gain)
bytes_sent,0.049097444146494175,0.039560836
bytes_received,0.0362182751355219,0.033937316
bytes_ratio,0.040292724211082986,0.01977038
total_bytes,0.04771453099510536,0.03599076
log_bytes_sent,0.05222815644470008,0.0
log_bytes_received,0.035723383096949654,0.0
src_port,0.0370234599095983,0.028677901
dst_port,0.08024965253907673,0.100932345
port_diff,0.1036761464281863,0.13874342
is_wellknown_dst,0.022830548507825846,0.0
is_wellknown_src,0.0022338061131849853,0.0
same_port,0.09641178659989805,0.0
dst_is_service,0.08423123541096292,0.2035918
src_is_service,0.014584282346964818,0.014759343
ua_is_bot,0.030096509709442335,0.0505586
ua_is_mobile,0.0018906096783853068,0.028891204
ua_len,0.17132160592863419,0.12723382
has_url,0.0014831984002162686,0.018951042
url_has_login,0.0037316760545250903,0.0089243855
url_has_admin,0.004698150797831914,0.026000949
url_has_param,0.0013143377496949858,0.0
url_len,0.02403043872119842,0.020590521
hour,0.0400804503718015,0.024241725
is_night,0.004821779586121965,0.03293694
protocol_encoded,0.009106595548376468,0.02294116
is_internal,0.004909215568219497,0.022765545
