Attack Category,Precision (%),TP / predicted,Recall (%),TP / support,F1 (%),Test Support
benign,97.98221614227086,2865/2924,99.47916666666666,2865/2880,98.7250172294969,2880
brute-force,58.82352941176471,20/34,62.5,20/32,60.60606060606061,32
c2,0.0,0/0,0.0,0/3,0.0,3
command-injection,0.0,0/0,0.0,0/8,0.0,8
credential-stuffing,25.0,1/4,11.11111111111111,1/9,15.384615384615385,9
ddos,40.0,2/5,25.0,2/8,30.76923076923077,8
exploit-attempt,0.0,0/0,0.0,0/7,0.0,7
port-scan,100.0,23/23,95.83333333333334,23/24,97.87234042553192,24
sql-injection,57.14285714285714,4/7,21.052631578947366,4/19,30.76923076923077,19
xss,0.0,0/3,0.0,0/10,0.0,10
