Model A,Model B,A right / B wrong,A wrong / B right,p-value,Significant at 0.05
Logistic Regression,Gradient Boosting,30,571,1.0673682978117596e-130,yes
Logistic Regression,Random Forest,44,583,3.744475903992864e-121,yes
Logistic Regression,Neural Network (FFNN),81,580,6.87846694914691e-94,yes
SVM (RBF Kernel),Gradient Boosting,24,368,2.8871375047363493e-80,yes
SVM (RBF Kernel),Random Forest,30,372,3.5035430898103845e-76,yes
SVM (RBF Kernel),Neural Network (FFNN),52,354,2.544255782359065e-56,yes
Logistic Regression,SVM (RBF Kernel),58,255,1.2921159829986253e-30,yes
Random Forest,Neural Network (FFNN),55,15,1.652519847797991e-06,yes
Gradient Boosting,Neural Network (FFNN),75,33,6.550370792480047e-05,yes
Random Forest,Gradient Boosting,23,25,0.8854334972865135,no
